[
{
    "pk": 1, 
    "model": "auth.user", 
    "fields": {
        "username": "admin", 
        "first_name": "", 
        "last_name": "", 
        "is_active": true, 
        "is_superuser": true, 
        "is_staff": true, 
        "last_login": "2015-03-19T11:47:07.845", 
        "groups": [], 
        "user_permissions": [], 
        "password": "pbkdf2_sha256$12000$mAX71kipleh7$N55muCKCkHRizmeh0wyHM4W6SJfTy+q+fqS+EWaKVck=", 
        "email": "", 
        "date_joined": "2015-03-19T10:42:11.090"
    }
},
{
    "pk": 2, 
    "model": "auth.user", 
    "fields": {
        "username": "moderator", 
        "first_name": "Moderator", 
        "last_name": "Demo", 
        "is_active": true, 
        "is_superuser": false, 
        "is_staff": false, 
        "last_login": "2015-03-19T11:33:07.293", 
        "groups": [], 
        "user_permissions": [
            34, 
            31
        ], 
        "password": "pbkdf2_sha256$12000$SMs6e6x1QtNU$FBvNDlWSuV4KyvcSmhYXcvJEsMofBmm9EtIJV0TL95o=", 
        "email": "", 
        "date_joined": "2015-03-19T11:05:16"
    }
},
{
    "pk": 3, 
    "model": "auth.user", 
    "fields": {
        "username": "titi", 
        "first_name": "Titi", 
        "last_name": "Demo", 
        "is_active": true, 
        "is_superuser": false, 
        "is_staff": false, 
        "last_login": "2015-03-19T11:23:43.373", 
        "groups": [], 
        "user_permissions": [
            34, 
            31
        ], 
        "password": "pbkdf2_sha256$12000$uObfzI9Rlyo6$zbif5RfIHT3YX4M9lsAiQlCWVMnq/D38NHpeis7fbzI=", 
        "email": "", 
        "date_joined": "2015-03-19T11:05:52"
    }
},
{
    "pk": 4, 
    "model": "auth.user", 
    "fields": {
        "username": "toto", 
        "first_name": "Toto", 
        "last_name": "Demo", 
        "is_active": true, 
        "is_superuser": false, 
        "is_staff": false, 
        "last_login": "2015-03-19T11:23:32.080", 
        "groups": [], 
        "user_permissions": [
            34, 
            31
        ], 
        "password": "pbkdf2_sha256$12000$QhuL74MNcJ8D$5H20mImE+a0kJjVRcrbXTjNZRl+VlF/0eVR7n0CMizA=", 
        "email": "", 
        "date_joined": "2015-03-19T11:06:08"
    }
},
{
    "pk": 5, 
    "model": "auth.user", 
    "fields": {
        "username": "demo", 
        "first_name": "Demo", 
        "last_name": "Demo", 
        "is_active": true, 
        "is_superuser": false, 
        "is_staff": false, 
        "last_login": "2015-03-19T11:24:49.808", 
        "groups": [], 
        "user_permissions": [
            34, 
            31
        ], 
        "password": "pbkdf2_sha256$12000$9VfnVb267EJR$0et/kdM6Pf/wDXyOaLaE3hdedsKk44RibzAO5l9X/xQ=", 
        "email": "", 
        "date_joined": "2015-03-19T11:06:15"
    }
},
{
    "pk": 1, 
    "model": "pybb.category", 
    "fields": {
        "position": 0, 
        "hidden": false, 
        "name": "Operating Systems"
    }
},
{
    "pk": 2, 
    "model": "pybb.category", 
    "fields": {
        "position": 0, 
        "hidden": false, 
        "name": "Games"
    }
},
{
    "pk": 1, 
    "model": "pybb.profile", 
    "fields": {
        "show_signatures": true, 
        "language": "en", 
        "signature_html": "La mort est un manque de savoir-vivre (Pierre Dac)", 
        "time_zone": 2.0, 
        "post_count": 2, 
        "avatar": "", 
        "signature": "La mort est un manque de savoir-vivre (Pierre Dac)", 
        "autosubscribe": true, 
        "user": 1
    }
},
{
    "pk": 2, 
    "model": "pybb.profile", 
    "fields": {
        "show_signatures": true, 
        "language": "en-us", 
        "signature_html": "", 
        "time_zone": 3.0, 
        "post_count": 10, 
        "avatar": "", 
        "signature": "", 
        "autosubscribe": true, 
        "user": 2
    }
},
{
    "pk": 3, 
    "model": "pybb.profile", 
    "fields": {
        "show_signatures": true, 
        "language": "en-us", 
        "signature_html": "", 
        "time_zone": 3.0, 
        "post_count": 1, 
        "avatar": "", 
        "signature": "", 
        "autosubscribe": true, 
        "user": 3
    }
},
{
    "pk": 4, 
    "model": "pybb.profile", 
    "fields": {
        "show_signatures": true, 
        "language": "fr", 
        "signature_html": "0 + 0 = Toto&#39;s head", 
        "time_zone": 3.0, 
        "post_count": 3, 
        "avatar": "", 
        "signature": "0 + 0 = Toto's head", 
        "autosubscribe": true, 
        "user": 4
    }
},
{
    "pk": 5, 
    "model": "pybb.profile", 
    "fields": {
        "show_signatures": true, 
        "language": "en-us", 
        "signature_html": "", 
        "time_zone": 3.0, 
        "post_count": 1, 
        "avatar": "", 
        "signature": "", 
        "autosubscribe": true, 
        "user": 5
    }
},
{
    "pk": 2, 
    "model": "pybb.forum", 
    "fields": {
        "category": 1, 
        "updated": null, 
        "name": "BSD", 
        "parent": null, 
        "post_count": 0, 
        "topic_count": 0, 
        "headline": "", 
        "moderators": [
            2
        ], 
        "position": 0, 
        "hidden": false, 
        "description": ""
    }
},
{
    "pk": 3, 
    "model": "pybb.forum", 
    "fields": {
        "category": 1, 
        "updated": null, 
        "name": "GNU Linux", 
        "parent": null, 
        "post_count": 0, 
        "topic_count": 0, 
        "headline": "", 
        "moderators": [
            2
        ], 
        "position": 0, 
        "hidden": false, 
        "description": ""
    }
},
{
    "pk": 4, 
    "model": "pybb.forum", 
    "fields": {
        "category": 1, 
        "updated": null, 
        "name": "Debian", 
        "parent": 3, 
        "post_count": 0, 
        "topic_count": 0, 
        "headline": "", 
        "moderators": [
            2
        ], 
        "position": 0, 
        "hidden": false, 
        "description": ""
    }
},
{
    "pk": 5, 
    "model": "pybb.forum", 
    "fields": {
        "category": 1, 
        "updated": "2015-03-19T11:22:31.383", 
        "name": "Ubuntu and cie", 
        "parent": 3, 
        "post_count": 1, 
        "topic_count": 1, 
        "headline": "", 
        "moderators": [
            2
        ], 
        "position": 0, 
        "hidden": false, 
        "description": ""
    }
},
{
    "pk": 6, 
    "model": "pybb.forum", 
    "fields": {
        "category": 1, 
        "updated": null, 
        "name": "Linux Mint", 
        "parent": 3, 
        "post_count": 0, 
        "topic_count": 0, 
        "headline": "", 
        "moderators": [
            2
        ], 
        "position": 0, 
        "hidden": false, 
        "description": ""
    }
},
{
    "pk": 7, 
    "model": "pybb.forum", 
    "fields": {
        "category": 1, 
        "updated": null, 
        "name": "FreeBSD", 
        "parent": 2, 
        "post_count": 0, 
        "topic_count": 0, 
        "headline": "", 
        "moderators": [
            2
        ], 
        "position": 0, 
        "hidden": false, 
        "description": ""
    }
},
{
    "pk": 8, 
    "model": "pybb.forum", 
    "fields": {
        "category": 1, 
        "updated": null, 
        "name": "SunOS", 
        "parent": 2, 
        "post_count": 0, 
        "topic_count": 0, 
        "headline": "", 
        "moderators": [
            2
        ], 
        "position": 0, 
        "hidden": false, 
        "description": ""
    }
},
{
    "pk": 9, 
    "model": "pybb.forum", 
    "fields": {
        "category": 1, 
        "updated": null, 
        "name": "NetBSD", 
        "parent": 2, 
        "post_count": 0, 
        "topic_count": 0, 
        "headline": "", 
        "moderators": [
            2
        ], 
        "position": 0, 
        "hidden": false, 
        "description": ""
    }
},
{
    "pk": 10, 
    "model": "pybb.forum", 
    "fields": {
        "category": 1, 
        "updated": null, 
        "name": "Windows", 
        "parent": null, 
        "post_count": 0, 
        "topic_count": 0, 
        "headline": "", 
        "moderators": [
            2
        ], 
        "position": 0, 
        "hidden": true, 
        "description": "Hide the bad one :-)"
    }
},
{
    "pk": 11, 
    "model": "pybb.forum", 
    "fields": {
        "category": 2, 
        "updated": null, 
        "name": "PC", 
        "parent": null, 
        "post_count": 0, 
        "topic_count": 0, 
        "headline": "", 
        "moderators": [], 
        "position": 0, 
        "hidden": false, 
        "description": ""
    }
},
{
    "pk": 12, 
    "model": "pybb.forum", 
    "fields": {
        "category": 2, 
        "updated": "2015-03-19T11:50:31.407", 
        "name": "PS[1-9]\\d*", 
        "parent": null, 
        "post_count": 16, 
        "topic_count": 3, 
        "headline": "This is the headline of the forum", 
        "moderators": [], 
        "position": 0, 
        "hidden": false, 
        "description": "Geek joke for the forum name."
    }
},
{
    "pk": 1, 
    "model": "pybb.topic", 
    "fields": {
        "updated": "2015-03-19T11:36:10.547", 
        "on_moderation": false, 
        "name": "Why this forum as a weird name ?", 
        "forum": 12, 
        "views": 30, 
        "post_count": 14, 
        "created": "2015-03-19T11:14:59.476", 
        "subscribers": [
            1, 
            2, 
            3, 
            4, 
            5
        ], 
        "sticky": false, 
        "user": 1, 
        "closed": false, 
        "poll_type": 1, 
        "poll_question": "Who is the strongest ?"
    }
},
{
    "pk": 2, 
    "model": "pybb.topic", 
    "fields": {
        "updated": "2015-03-19T11:21:16.067", 
        "on_moderation": false, 
        "name": "TESV : Skyrim", 
        "forum": 12, 
        "views": 1, 
        "post_count": 1, 
        "created": "2015-03-19T11:21:16.064", 
        "subscribers": [
            4
        ], 
        "sticky": false, 
        "user": 4, 
        "closed": false, 
        "poll_type": 0, 
        "poll_question": null
    }
},
{
    "pk": 3, 
    "model": "pybb.topic", 
    "fields": {
        "updated": "2015-03-19T11:22:31.383", 
        "on_moderation": false, 
        "name": "Troll powa !", 
        "forum": 5, 
        "views": 1, 
        "post_count": 1, 
        "created": "2015-03-19T11:22:31.381", 
        "subscribers": [
            4
        ], 
        "sticky": false, 
        "user": 4, 
        "closed": false, 
        "poll_type": 0, 
        "poll_question": null
    }
},
{
    "pk": 4, 
    "model": "pybb.topic", 
    "fields": {
        "updated": "2015-03-19T11:50:31.407", 
        "on_moderation": false, 
        "name": "Test accounts", 
        "forum": 12, 
        "views": 2, 
        "post_count": 1, 
        "created": "2015-03-19T11:49:37.783", 
        "subscribers": [
            1
        ], 
        "sticky": false, 
        "user": 1, 
        "closed": false, 
        "poll_type": 0, 
        "poll_question": null
    }
},
{
    "pk": 1, 
    "model": "pybb.post", 
    "fields": {
        "body": "If you can not laught to this, you probably won't laught to \"[url=http://en.wikipedia.org/wiki/Regular_expression]RTFM[/url]\" :)", 
        "user_ip": "127.0.0.1", 
        "updated": "2015-03-19T11:15:38.750", 
        "on_moderation": false, 
        "created": "2015-03-19T11:14:59.477", 
        "body_text": "If you can not laught to this, you probably won't laught to \"RTFM\" ", 
        "body_html": "If you can not laught to this, you probably won&#39;t laught to &quot;<a href=\"http://en.wikipedia.org/wiki/Regular_expression\">RTFM</a>&quot; <img src=\"/static/pybb/emoticons/smile.png\" alt=\"smile\" />", 
        "topic": 1, 
        "user": 1
    }
},
{
    "pk": 2, 
    "model": "pybb.post", 
    "fields": {
        "body": "[img]http://upload.wikimedia.org/wikipedia/fr/f/f0/TES_V_Skyrim_Logo.png[/img]\n\nI love The Elder Scrolls. Skyrim is good. Not enough than Morrowind, but better than Oblivion !", 
        "user_ip": "127.0.0.1", 
        "updated": null, 
        "on_moderation": false, 
        "created": "2015-03-19T11:21:16.067", 
        "body_text": "I love The Elder Scrolls. Skyrim is good. Not enough than Morrowind, but better than Oblivion !", 
        "body_html": "<img src=\"http://upload.wikimedia.org/wikipedia/fr/f/f0/TES_V_Skyrim_Logo.png\"><br /><br />I love The Elder Scrolls. Skyrim is good. Not enough than Morrowind, but better than Oblivion !", 
        "topic": 2, 
        "user": 4
    }
},
{
    "pk": 3, 
    "model": "pybb.post", 
    "fields": {
        "body": "*buntu, a \"GNU Linux Windows\" ? 8)", 
        "user_ip": "127.0.0.1", 
        "updated": null, 
        "on_moderation": false, 
        "created": "2015-03-19T11:22:31.383", 
        "body_text": "*buntu, a \"GNU Linux Windows\" ? ", 
        "body_html": "*buntu, a &quot;GNU Linux Windows&quot; ? <img src=\"/static/pybb/emoticons/glasses.png\" alt=\"smile\" />", 
        "topic": 3, 
        "user": 4
    }
},
{
    "pk": 4, 
    "model": "pybb.post", 
    "fields": {
        "body": "ahah ! good one !", 
        "user_ip": "127.0.0.1", 
        "updated": null, 
        "on_moderation": false, 
        "created": "2015-03-19T11:23:13.609", 
        "body_text": "ahah ! good one !", 
        "body_html": "ahah ! good one !", 
        "topic": 1, 
        "user": 4
    }
},
{
    "pk": 5, 
    "model": "pybb.post", 
    "fields": {
        "body": "O_o ?? I don't understand TT_TT", 
        "user_ip": "127.0.0.1", 
        "updated": null, 
        "on_moderation": false, 
        "created": "2015-03-19T11:24:26.637", 
        "body_text": "O_o ?? I don't understand TT_TT", 
        "body_html": "O_o ?? I don&#39;t understand TT_TT", 
        "topic": 1, 
        "user": 3
    }
},
{
    "pk": 6, 
    "model": "pybb.post", 
    "fields": {
        "body": "[b]titi[/b], \"RTFM\" meens \"Read the Fucking manual\". The \"weird\" part of the forum's name is a \"regular expression\". The link on \"RTFM\" is the wikipedia page about Regular Expressions.", 
        "user_ip": "127.0.0.1", 
        "updated": null, 
        "on_moderation": false, 
        "created": "2015-03-19T11:32:41.561", 
        "body_text": "titi, \"RTFM\" meens \"Read the Fucking manual\". The \"weird\" part of the forum's name is a \"regular expression\". The link on \"RTFM\" is the wikipedia page about Regular Expressions.", 
        "body_html": "<strong>titi</strong>, &quot;RTFM&quot; meens &quot;Read the Fucking manual&quot;. The &quot;weird&quot; part of the forum&#39;s name is a &quot;regular expression&quot;. The link on &quot;RTFM&quot; is the wikipedia page about Regular Expressions.", 
        "topic": 1, 
        "user": 5
    }
},
{
    "pk": 7, 
    "model": "pybb.post", 
    "fields": {
        "body": "I am the law !\n\n[img]http://upload.wikimedia.org/wikipedia/en/2/2c/Judge_Dredd_promo_poster.jpg[/img]\n\nAnd I'll Lorem Ipsum this test topic !", 
        "user_ip": "127.0.0.1", 
        "updated": null, 
        "on_moderation": false, 
        "created": "2015-03-19T11:35:21.777", 
        "body_text": "I am the law !And I'll Lorem Ipsum this test topic !", 
        "body_html": "I am the law !<br /><br /><img src=\"http://upload.wikimedia.org/wikipedia/en/2/2c/Judge_Dredd_promo_poster.jpg\"><br /><br />And I&#39;ll Lorem Ipsum this test topic !", 
        "topic": 1, 
        "user": 2
    }
},
{
    "pk": 8, 
    "model": "pybb.post", 
    "fields": {
        "body": "Lorem ipsum dolor sit amet, consectetur adipiscing elit. Fusce rutrum eros lorem. Morbi nec risus scelerisque, aliquet nibh ac, malesuada arcu. Cras volutpat fermentum lectus eget mollis. Duis sed congue mi. Sed lacinia mollis sagittis. Integer vestibulum ante diam, id maximus nibh pretium sed. Class aptent taciti sociosqu ad litora torquent per conubia nostra, per inceptos himenaeos. Curabitur vehicula euismod diam, in hendrerit mi pretium a.", 
        "user_ip": "127.0.0.1", 
        "updated": null, 
        "on_moderation": false, 
        "created": "2015-03-19T11:35:42.737", 
        "body_text": "Lorem ipsum dolor sit amet, consectetur adipiscing elit. Fusce rutrum eros lorem. Morbi nec risus scelerisque, aliquet nibh ac, malesuada arcu. Cras volutpat fermentum lectus eget mollis. Duis sed congue mi. Sed lacinia mollis sagittis. Integer vestibulum ante diam, id maximus nibh pretium sed. Class aptent taciti sociosqu ad litora torquent per conubia nostra, per inceptos himenaeos. Curabitur vehicula euismod diam, in hendrerit mi pretium a.", 
        "body_html": "Lorem ipsum dolor sit amet, consectetur adipiscing elit. Fusce rutrum eros lorem. Morbi nec risus scelerisque, aliquet nibh ac, malesuada arcu. Cras volutpat fermentum lectus eget mollis. Duis sed congue mi. Sed lacinia mollis sagittis. Integer vestibulum ante diam, id maximus nibh pretium sed. Class aptent taciti sociosqu ad litora torquent per conubia nostra, per inceptos himenaeos. Curabitur vehicula euismod diam, in hendrerit mi pretium a.", 
        "topic": 1, 
        "user": 2
    }
},
{
    "pk": 9, 
    "model": "pybb.post", 
    "fields": {
        "body": "Lorem ipsum dolor sit amet, consectetur adipiscing elit. Fusce rutrum eros lorem. Morbi nec risus scelerisque, aliquet nibh ac, malesuada arcu. Cras volutpat fermentum lectus eget mollis. Duis sed congue mi. Sed lacinia mollis sagittis. Integer vestibulum ante diam, id maximus nibh pretium sed. Class aptent taciti sociosqu ad litora torquent per conubia nostra, per inceptos himenaeos. Curabitur vehicula euismod diam, in hendrerit mi pretium a.", 
        "user_ip": "127.0.0.1", 
        "updated": null, 
        "on_moderation": false, 
        "created": "2015-03-19T11:35:45.770", 
        "body_text": "Lorem ipsum dolor sit amet, consectetur adipiscing elit. Fusce rutrum eros lorem. Morbi nec risus scelerisque, aliquet nibh ac, malesuada arcu. Cras volutpat fermentum lectus eget mollis. Duis sed congue mi. Sed lacinia mollis sagittis. Integer vestibulum ante diam, id maximus nibh pretium sed. Class aptent taciti sociosqu ad litora torquent per conubia nostra, per inceptos himenaeos. Curabitur vehicula euismod diam, in hendrerit mi pretium a.", 
        "body_html": "Lorem ipsum dolor sit amet, consectetur adipiscing elit. Fusce rutrum eros lorem. Morbi nec risus scelerisque, aliquet nibh ac, malesuada arcu. Cras volutpat fermentum lectus eget mollis. Duis sed congue mi. Sed lacinia mollis sagittis. Integer vestibulum ante diam, id maximus nibh pretium sed. Class aptent taciti sociosqu ad litora torquent per conubia nostra, per inceptos himenaeos. Curabitur vehicula euismod diam, in hendrerit mi pretium a.", 
        "topic": 1, 
        "user": 2
    }
},
{
    "pk": 10, 
    "model": "pybb.post", 
    "fields": {
        "body": "Lorem ipsum dolor sit amet, consectetur adipiscing elit. Fusce rutrum eros lorem. Morbi nec risus scelerisque, aliquet nibh ac, malesuada arcu. Cras volutpat fermentum lectus eget mollis. Duis sed congue mi. Sed lacinia mollis sagittis. Integer vestibulum ante diam, id maximus nibh pretium sed. Class aptent taciti sociosqu ad litora torquent per conubia nostra, per inceptos himenaeos. Curabitur vehicula euismod diam, in hendrerit mi pretium a.", 
        "user_ip": "127.0.0.1", 
        "updated": null, 
        "on_moderation": false, 
        "created": "2015-03-19T11:35:49.021", 
        "body_text": "Lorem ipsum dolor sit amet, consectetur adipiscing elit. Fusce rutrum eros lorem. Morbi nec risus scelerisque, aliquet nibh ac, malesuada arcu. Cras volutpat fermentum lectus eget mollis. Duis sed congue mi. Sed lacinia mollis sagittis. Integer vestibulum ante diam, id maximus nibh pretium sed. Class aptent taciti sociosqu ad litora torquent per conubia nostra, per inceptos himenaeos. Curabitur vehicula euismod diam, in hendrerit mi pretium a.", 
        "body_html": "Lorem ipsum dolor sit amet, consectetur adipiscing elit. Fusce rutrum eros lorem. Morbi nec risus scelerisque, aliquet nibh ac, malesuada arcu. Cras volutpat fermentum lectus eget mollis. Duis sed congue mi. Sed lacinia mollis sagittis. Integer vestibulum ante diam, id maximus nibh pretium sed. Class aptent taciti sociosqu ad litora torquent per conubia nostra, per inceptos himenaeos. Curabitur vehicula euismod diam, in hendrerit mi pretium a.", 
        "topic": 1, 
        "user": 2
    }
},
{
    "pk": 11, 
    "model": "pybb.post", 
    "fields": {
        "body": "Lorem ipsum dolor sit amet, consectetur adipiscing elit. Fusce rutrum eros lorem. Morbi nec risus scelerisque, aliquet nibh ac, malesuada arcu. Cras volutpat fermentum lectus eget mollis. Duis sed congue mi. Sed lacinia mollis sagittis. Integer vestibulum ante diam, id maximus nibh pretium sed. Class aptent taciti sociosqu ad litora torquent per conubia nostra, per inceptos himenaeos. Curabitur vehicula euismod diam, in hendrerit mi pretium a.", 
        "user_ip": "127.0.0.1", 
        "updated": null, 
        "on_moderation": false, 
        "created": "2015-03-19T11:35:52.226", 
        "body_text": "Lorem ipsum dolor sit amet, consectetur adipiscing elit. Fusce rutrum eros lorem. Morbi nec risus scelerisque, aliquet nibh ac, malesuada arcu. Cras volutpat fermentum lectus eget mollis. Duis sed congue mi. Sed lacinia mollis sagittis. Integer vestibulum ante diam, id maximus nibh pretium sed. Class aptent taciti sociosqu ad litora torquent per conubia nostra, per inceptos himenaeos. Curabitur vehicula euismod diam, in hendrerit mi pretium a.", 
        "body_html": "Lorem ipsum dolor sit amet, consectetur adipiscing elit. Fusce rutrum eros lorem. Morbi nec risus scelerisque, aliquet nibh ac, malesuada arcu. Cras volutpat fermentum lectus eget mollis. Duis sed congue mi. Sed lacinia mollis sagittis. Integer vestibulum ante diam, id maximus nibh pretium sed. Class aptent taciti sociosqu ad litora torquent per conubia nostra, per inceptos himenaeos. Curabitur vehicula euismod diam, in hendrerit mi pretium a.", 
        "topic": 1, 
        "user": 2
    }
},
{
    "pk": 12, 
    "model": "pybb.post", 
    "fields": {
        "body": "Lorem ipsum dolor sit amet, consectetur adipiscing elit. Fusce rutrum eros lorem. Morbi nec risus scelerisque, aliquet nibh ac, malesuada arcu. Cras volutpat fermentum lectus eget mollis. Duis sed congue mi. Sed lacinia mollis sagittis. Integer vestibulum ante diam, id maximus nibh pretium sed. Class aptent taciti sociosqu ad litora torquent per conubia nostra, per inceptos himenaeos. Curabitur vehicula euismod diam, in hendrerit mi pretium a.", 
        "user_ip": "127.0.0.1", 
        "updated": null, 
        "on_moderation": false, 
        "created": "2015-03-19T11:35:56.199", 
        "body_text": "Lorem ipsum dolor sit amet, consectetur adipiscing elit. Fusce rutrum eros lorem. Morbi nec risus scelerisque, aliquet nibh ac, malesuada arcu. Cras volutpat fermentum lectus eget mollis. Duis sed congue mi. Sed lacinia mollis sagittis. Integer vestibulum ante diam, id maximus nibh pretium sed. Class aptent taciti sociosqu ad litora torquent per conubia nostra, per inceptos himenaeos. Curabitur vehicula euismod diam, in hendrerit mi pretium a.", 
        "body_html": "Lorem ipsum dolor sit amet, consectetur adipiscing elit. Fusce rutrum eros lorem. Morbi nec risus scelerisque, aliquet nibh ac, malesuada arcu. Cras volutpat fermentum lectus eget mollis. Duis sed congue mi. Sed lacinia mollis sagittis. Integer vestibulum ante diam, id maximus nibh pretium sed. Class aptent taciti sociosqu ad litora torquent per conubia nostra, per inceptos himenaeos. Curabitur vehicula euismod diam, in hendrerit mi pretium a.", 
        "topic": 1, 
        "user": 2
    }
},
{
    "pk": 13, 
    "model": "pybb.post", 
    "fields": {
        "body": "Lorem ipsum dolor sit amet, consectetur adipiscing elit. Fusce rutrum eros lorem. Morbi nec risus scelerisque, aliquet nibh ac, malesuada arcu. Cras volutpat fermentum lectus eget mollis. Duis sed congue mi. Sed lacinia mollis sagittis. Integer vestibulum ante diam, id maximus nibh pretium sed. Class aptent taciti sociosqu ad litora torquent per conubia nostra, per inceptos himenaeos. Curabitur vehicula euismod diam, in hendrerit mi pretium a.", 
        "user_ip": "127.0.0.1", 
        "updated": null, 
        "on_moderation": false, 
        "created": "2015-03-19T11:35:59.022", 
        "body_text": "Lorem ipsum dolor sit amet, consectetur adipiscing elit. Fusce rutrum eros lorem. Morbi nec risus scelerisque, aliquet nibh ac, malesuada arcu. Cras volutpat fermentum lectus eget mollis. Duis sed congue mi. Sed lacinia mollis sagittis. Integer vestibulum ante diam, id maximus nibh pretium sed. Class aptent taciti sociosqu ad litora torquent per conubia nostra, per inceptos himenaeos. Curabitur vehicula euismod diam, in hendrerit mi pretium a.", 
        "body_html": "Lorem ipsum dolor sit amet, consectetur adipiscing elit. Fusce rutrum eros lorem. Morbi nec risus scelerisque, aliquet nibh ac, malesuada arcu. Cras volutpat fermentum lectus eget mollis. Duis sed congue mi. Sed lacinia mollis sagittis. Integer vestibulum ante diam, id maximus nibh pretium sed. Class aptent taciti sociosqu ad litora torquent per conubia nostra, per inceptos himenaeos. Curabitur vehicula euismod diam, in hendrerit mi pretium a.", 
        "topic": 1, 
        "user": 2
    }
},
{
    "pk": 14, 
    "model": "pybb.post", 
    "fields": {
        "body": "Lorem ipsum dolor sit amet, consectetur adipiscing elit. Fusce rutrum eros lorem. Morbi nec risus scelerisque, aliquet nibh ac, malesuada arcu. Cras volutpat fermentum lectus eget mollis. Duis sed congue mi. Sed lacinia mollis sagittis. Integer vestibulum ante diam, id maximus nibh pretium sed. Class aptent taciti sociosqu ad litora torquent per conubia nostra, per inceptos himenaeos. Curabitur vehicula euismod diam, in hendrerit mi pretium a.", 
        "user_ip": "127.0.0.1", 
        "updated": null, 
        "on_moderation": false, 
        "created": "2015-03-19T11:36:02.234", 
        "body_text": "Lorem ipsum dolor sit amet, consectetur adipiscing elit. Fusce rutrum eros lorem. Morbi nec risus scelerisque, aliquet nibh ac, malesuada arcu. Cras volutpat fermentum lectus eget mollis. Duis sed congue mi. Sed lacinia mollis sagittis. Integer vestibulum ante diam, id maximus nibh pretium sed. Class aptent taciti sociosqu ad litora torquent per conubia nostra, per inceptos himenaeos. Curabitur vehicula euismod diam, in hendrerit mi pretium a.", 
        "body_html": "Lorem ipsum dolor sit amet, consectetur adipiscing elit. Fusce rutrum eros lorem. Morbi nec risus scelerisque, aliquet nibh ac, malesuada arcu. Cras volutpat fermentum lectus eget mollis. Duis sed congue mi. Sed lacinia mollis sagittis. Integer vestibulum ante diam, id maximus nibh pretium sed. Class aptent taciti sociosqu ad litora torquent per conubia nostra, per inceptos himenaeos. Curabitur vehicula euismod diam, in hendrerit mi pretium a.", 
        "topic": 1, 
        "user": 2
    }
},
{
    "pk": 15, 
    "model": "pybb.post", 
    "fields": {
        "body": "Lorem ipsum dolor sit amet, consectetur adipiscing elit. Fusce rutrum eros lorem. Morbi nec risus scelerisque, aliquet nibh ac, malesuada arcu. Cras volutpat fermentum lectus eget mollis. Duis sed congue mi. Sed lacinia mollis sagittis. Integer vestibulum ante diam, id maximus nibh pretium sed. Class aptent taciti sociosqu ad litora torquent per conubia nostra, per inceptos himenaeos. Curabitur vehicula euismod diam, in hendrerit mi pretium a.", 
        "user_ip": "127.0.0.1", 
        "updated": null, 
        "on_moderation": false, 
        "created": "2015-03-19T11:36:04.981", 
        "body_text": "Lorem ipsum dolor sit amet, consectetur adipiscing elit. Fusce rutrum eros lorem. Morbi nec risus scelerisque, aliquet nibh ac, malesuada arcu. Cras volutpat fermentum lectus eget mollis. Duis sed congue mi. Sed lacinia mollis sagittis. Integer vestibulum ante diam, id maximus nibh pretium sed. Class aptent taciti sociosqu ad litora torquent per conubia nostra, per inceptos himenaeos. Curabitur vehicula euismod diam, in hendrerit mi pretium a.", 
        "body_html": "Lorem ipsum dolor sit amet, consectetur adipiscing elit. Fusce rutrum eros lorem. Morbi nec risus scelerisque, aliquet nibh ac, malesuada arcu. Cras volutpat fermentum lectus eget mollis. Duis sed congue mi. Sed lacinia mollis sagittis. Integer vestibulum ante diam, id maximus nibh pretium sed. Class aptent taciti sociosqu ad litora torquent per conubia nostra, per inceptos himenaeos. Curabitur vehicula euismod diam, in hendrerit mi pretium a.", 
        "topic": 1, 
        "user": 2
    }
},
{
    "pk": 16, 
    "model": "pybb.post", 
    "fields": {
        "body": "Lorem ipsum dolor sit amet, consectetur adipiscing elit. Fusce rutrum eros lorem. Morbi nec risus scelerisque, aliquet nibh ac, malesuada arcu. Cras volutpat fermentum lectus eget mollis. Duis sed congue mi. Sed lacinia mollis sagittis. Integer vestibulum ante diam, id maximus nibh pretium sed. Class aptent taciti sociosqu ad litora torquent per conubia nostra, per inceptos himenaeos. Curabitur vehicula euismod diam, in hendrerit mi pretium a.", 
        "user_ip": "127.0.0.1", 
        "updated": null, 
        "on_moderation": false, 
        "created": "2015-03-19T11:36:10.547", 
        "body_text": "Lorem ipsum dolor sit amet, consectetur adipiscing elit. Fusce rutrum eros lorem. Morbi nec risus scelerisque, aliquet nibh ac, malesuada arcu. Cras volutpat fermentum lectus eget mollis. Duis sed congue mi. Sed lacinia mollis sagittis. Integer vestibulum ante diam, id maximus nibh pretium sed. Class aptent taciti sociosqu ad litora torquent per conubia nostra, per inceptos himenaeos. Curabitur vehicula euismod diam, in hendrerit mi pretium a.", 
        "body_html": "Lorem ipsum dolor sit amet, consectetur adipiscing elit. Fusce rutrum eros lorem. Morbi nec risus scelerisque, aliquet nibh ac, malesuada arcu. Cras volutpat fermentum lectus eget mollis. Duis sed congue mi. Sed lacinia mollis sagittis. Integer vestibulum ante diam, id maximus nibh pretium sed. Class aptent taciti sociosqu ad litora torquent per conubia nostra, per inceptos himenaeos. Curabitur vehicula euismod diam, in hendrerit mi pretium a.", 
        "topic": 1, 
        "user": 2
    }
},
{
    "pk": 17, 
    "model": "pybb.post", 
    "fields": {
        "body": "Available test accounts are :\r\n\r\n[list]\r\n[*] admin // admin\r\n[*] moderator // moderator\r\n[*] demo // demo\r\n[*] titi // titi\r\n[*] toto // toto\r\n[/list]", 
        "user_ip": "127.0.0.1", 
        "updated": "2015-03-19T11:50:31.407", 
        "on_moderation": false, 
        "created": "2015-03-19T11:49:37.786", 
        "body_text": "Available test accounts are :admin // adminmoderator // moderatordemo // demotiti // tititoto // toto", 
        "body_html": "Available test accounts are :<br /><br /><ul><li>admin // admin</li><li>moderator // moderator</li><li>demo // demo</li><li>titi // titi</li><li>toto // toto</li></ul>", 
        "topic": 4, 
        "user": 1
    }
},
{
    "pk": 1, 
    "model": "pybb.pollanswer", 
    "fields": {
        "topic": 1, 
        "text": "Chuck Norris"
    }
},
{
    "pk": 2, 
    "model": "pybb.pollanswer", 
    "fields": {
        "topic": 1, 
        "text": "Bruce Willis"
    }
},
{
    "pk": 3, 
    "model": "pybb.pollanswer", 
    "fields": {
        "topic": 1, 
        "text": "Me (you ? no ! me ! not you ! so it's me ?)"
    }
},
{
    "pk": 4, 
    "model": "pybb.pollanswer", 
    "fields": {
        "topic": 1, 
        "text": "a frozen tyranosorus pinguintus"
    }
},
{
    "pk": 1, 
    "model": "pybb.pollansweruser", 
    "fields": {
        "timestamp": "2015-03-19T11:15:43.834", 
        "poll_answer": 4, 
        "user": 1
    }
},
{
    "pk": 2, 
    "model": "pybb.pollansweruser", 
    "fields": {
        "timestamp": "2015-03-19T11:23:06.234", 
        "poll_answer": 1, 
        "user": 4
    }
},
{
    "pk": 3, 
    "model": "pybb.pollansweruser", 
    "fields": {
        "timestamp": "2015-03-19T11:23:59.432", 
        "poll_answer": 4, 
        "user": 3
    }
},
{
    "pk": 4, 
    "model": "pybb.pollansweruser", 
    "fields": {
        "timestamp": "2015-03-19T11:36:26.750", 
        "poll_answer": 3, 
        "user": 2
    }
},
{
    "pk": 1, 
    "model": "pybb.forumreadtracker", 
    "fields": {
        "time_stamp": "2015-03-19T11:15:38.972", 
        "user": 1, 
        "forum": 12
    }
},
{
    "pk": 2, 
    "model": "pybb.forumreadtracker", 
    "fields": {
        "time_stamp": "2015-03-19T11:22:31.645", 
        "user": 4, 
        "forum": 5
    }
},
{
    "pk": 3, 
    "model": "pybb.forumreadtracker", 
    "fields": {
        "time_stamp": "2015-03-19T11:23:13.847", 
        "user": 4, 
        "forum": 12
    }
},
{
    "pk": 1, 
    "model": "pybb.topicreadtracker", 
    "fields": {
        "topic": 1, 
        "time_stamp": "2015-03-19T11:24:26.820", 
        "user": 3
    }
},
{
    "pk": 2, 
    "model": "pybb.topicreadtracker", 
    "fields": {
        "topic": 1, 
        "time_stamp": "2015-03-19T11:32:41.722", 
        "user": 5
    }
},
{
    "pk": 3, 
    "model": "pybb.topicreadtracker", 
    "fields": {
        "topic": 1, 
        "time_stamp": "2015-03-19T11:38:40.497", 
        "user": 2
    }
},
{
    "pk": 4, 
    "model": "pybb.topicreadtracker", 
    "fields": {
        "topic": 4, 
        "time_stamp": "2015-03-19T11:50:31.568", 
        "user": 1
    }
}
]
